condition,drugName
110</span> users found this comment helpful.,Plavix
123</span> users found this comment helpful.,BuSpar
142</span> users found this comment helpful.,Adderall
142</span> users found this comment helpful.,Alli
145</span> users found this comment helpful.,Flexeril
146</span> users found this comment helpful.,Efudex
ADHD,Adderall
ADHD,Amphetamine / dextroamphetamine
ADHD,Atomoxetine
ADHD,Wellbutrin SR
ADHD,Bupropion
Abnormal Uterine Bleeding,Provera
Abnormal Uterine Bleeding,Medroxyprogesterone
Abnormal Uterine Bleeding,Megace
Abnormal Uterine Bleeding,Megestrol
Abnormal Uterine Bleeding,Levonorgestrel
Acne,Tretinoin
Acne,Spironolactone
Acne,Differin
Acne,Accutane
Acne,Isotretinoin
Actinic Keratosis,Fluorouracil
Actinic Keratosis,Efudex
Acute Coronary Syndrome,Plavix
Acute Coronary Syndrome,Clopidogrel
Agitated State,Abilify
Alcohol Dependence,Revia
Alcohol Dependence,Naltrexone
Alcohol Dependence,Disulfiram
Alcohol Dependence,Acamprosate
Alcohol Dependence,Antabuse
Alcohol Withdrawal,Gabapentin
Alcohol Withdrawal,Neurontin
Alcohol Withdrawal,Librium
Alcohol Withdrawal,Chlordiazepoxide
Alcohol Withdrawal,Baclofen
Allergic Rhinitis,Montelukast
Allergic Rhinitis,Singulair
Alopecia,Minoxidil
Alopecia,Spironolactone
Alopecia,Aldactone
Alzheimer's Disease,Donepezil
Alzheimer's Disease,Aricept
Alzheimer's Disease,Rivastigmine
Alzheimer's Disease,Exelon
Androgenetic Alopecia,Propecia
Androgenetic Alopecia,Finasteride
Angina Pectoris Prophylaxis,Imdur
Angina Pectoris Prophylaxis,Isosorbide mononitrate
Anorexia,Cyproheptadine
Anxiety,Alprazolam
Anxiety,Xanax
Anxiety,Buspirone
Anxiety,BuSpar
Anxiety,Gabapentin
Anxiety and Stress,Fluoxetine
Anxiety and Stress,Elavil
Anxiety and Stress,Amitriptyline
Anxiety and Stress,Citalopram
Anxiety and Stress,Celexa
Arrhythmia,Amiodarone
Arrhythmia,Tikosyn
Arrhythmia,Dofetilide
Asperger Syndrome,Risperdal
"Asthma, Maintenance",Xolair
Atrial Fibrillation,Xarelto
Atrial Fibrillation,Rivaroxaban
Atrial Fibrillation,Cardizem
Atrial Fibrillation,Diltiazem
Atrial Fibrillation,Cartia XT
Atrophic Vaginitis,Estrace Vaginal Cream
Atrophic Vaginitis,Estradiol
Autism,Risperidone
Autism,Aripiprazole
Autism,Abilify
Back Pain,Norco
Back Pain,Acetaminophen / hydrocodone
Back Pain,Ultram
Back Pain,Tramadol
Back Pain,Cymbalta
Bacterial Infection,Doxycycline
Bacterial Infection,Clindamycin
Bacterial Infection,Cephalexin
Bacterial Skin Infection,Bactrim
Bacterial Skin Infection,Sulfamethoxazole / trimethoprim
Barrett's Esophagus,Dexlansoprazole
Barrett's Esophagus,Protonix
Barrett's Esophagus,Pantoprazole
Basal Cell Carcinoma,Fluorouracil
Basal Cell Carcinoma,Efudex
Benign Essential Trem,Primidone
Benign Essential Trem,Propranolol
Benign Essential Trem,Inderal
Benign Prostatic Hyperplasia,Cialis
Benign Prostatic Hyperplasia,Tamsulosin
Benign Prostatic Hyperplasia,Flomax
Benign Prostatic Hyperplasia,Tadalafil
Benign Prostatic Hyperplasia,Avodart
Bipolar Disorde,Lamictal
Bipolar Disorde,Lamotrigine
Bipolar Disorde,Topiramate
Bipolar Disorde,Abilify
Bipolar Disorde,Lurasidone
Birth Control,Mirena
Birth Control,Levonorgestrel
Birth Control,Implanon
Birth Control,Etonogestrel
Birth Control,Ethinyl estradiol / etonogestrel
Bladder Infection,Amoxicillin
Bladder Infection,Amoxil
Bladder Infection,Hiprex
Bladder Infection,Methenamine
Bladder Infection,Ciprofloxacin
Borderline Personality Disorde,Deplin
Breast Cance,Femara
Breast Cance,Letrozole
Breast Cance,Arimidex
Breast Cance,Anastrozole
Breast Cance,Exemestane
"Breast Cancer, Adjuvant",Letrozole
"Breast Cancer, Adjuvant",Femara
"Breast Cancer, Metastatic",Letrozole
"Breast Cancer, Metastatic",Femara
"Breast Cancer, Metastatic",Capecitabine
"Breast Cancer, Metastatic",Xeloda
Bronchitis,Mucinex
Bronchitis,Zithromax
Bronchitis,Levofloxacin
Bronchitis,Levaquin
Bronchitis,Azithromycin
Bulimia,Prozac
Bulimia,Fluoxetine
COPD,Umeclidinium / vilanterol
COPD,Anoro Ellipta
COPD,Symbicort
"COPD, Maintenance",Spiriva
"COPD, Maintenance",Tiotropium
Chronic Fatigue Syndrome,Lisdexamfetamine
Chronic Fatigue Syndrome,Vyvanse
Chronic Pain,Oxycodone
Chronic Pain,Roxicodone
Chronic Pain,MS Contin
Chronic Pain,Dilaudid
Chronic Pain,Butrans
Constipation,Magnesium citrate
Constipation,Citrate of Magnesia
Constipation,Polyethylene glycol 3350
Constipation,MiraLax
Constipation,Colace
"Constipation, Acute",Polyethylene glycol 3350
"Constipation, Acute",Lactulose
"Constipation, Chronic",Linaclotide
"Constipation, Chronic",Linzess
"Constipation, Chronic",Constulose
"Constipation, Chronic",Lactulose
"Constipation, Chronic",Amitiza
"Constipation, Drug Induced",Lubiprostone
"Constipation, Drug Induced",Amitiza
Cough,Vicodin
Crohn's Disease,Adalimumab
Crohn's Disease,Humira
"Crohn's Disease, Maintenance",Humira
Deep Vein Thrombosis,Rivaroxaban
Depression,Sertraline
Depression,Zoloft
Depression,Viibryd
Depression,Vilazodone
Depression,Duloxetine
"Diabetes, Type 1",Afrezza
"Diabetes, Type 1","Insulin inhalation, rapid acting"
"Diabetes, Type 2",Victoza
"Diabetes, Type 2",Canagliflozin
"Diabetes, Type 2",Invokana
"Diabetes, Type 2",Glucophage XR
"Diabetes, Type 2",Liraglutide
Diabetic Kidney Disease,Cozaar
Diabetic Kidney Disease,Losartan
Diabetic Peripheral Neuropathy,Lyrica
Diabetic Peripheral Neuropathy,Pregabalin
Diabetic Peripheral Neuropathy,Topiramate
Diabetic Peripheral Neuropathy,Topamax
Diarrhea,Atropine / diphenoxylate
Diarrhea,Lomotil
Diarrhea,Florastor
Diarrhea,Saccharomyces boulardii lyo
"Diarrhea, Chronic",Colesevelam
"Diarrhea, Chronic",Welchol
"Diarrhea, Chronic",Imodium
"Diarrhea, Chronic",Loperamide
Dietary Supplementation,Multivitamin
Duodenal Ulce,Sucralfate
Duodenal Ulce,Carafate
Edema,Lasix
Edema,Furosemide
Emergency Contraception,Plan B One-Step
Emergency Contraception,Levonorgestrel
Emergency Contraception,Plan B
Erectile Dysfunction,Tadalafil
Erectile Dysfunction,Cialis
Erectile Dysfunction,Viagra
Erectile Dysfunction,Sildenafil
Erectile Dysfunction,Vardenafil
Erosive Esophagitis,Ranitidine
GERD,Zantac 150
GERD,Ranitidine
GERD,Zantac
GERD,Prilosec
GERD,Dexilant
Gas,Gas-X
Gas,Simethicone
Gastroparesis,Reglan
Gastroparesis,Metoclopramide
Generalized Anxiety Disorde,Effexor XR
Generalized Anxiety Disorde,Venlafaxine
Generalized Anxiety Disorde,Lexapro
Generalized Anxiety Disorde,Escitalopram
Generalized Anxiety Disorde,Pregabalin
Gout,Allopurinol
Gout,Zyloprim
"Gout, Acute",Naproxen
Gouty Arthritis,Prednisone
Hashimoto's disease,Armour Thyroid
Hashimoto's disease,Levothyroxine
Hashimoto's disease,Tirosint
Hashimoto's disease,Thyroid desiccated
Hashimoto's disease,Nature-Throid
Headache,Trazodone
Headache,Fioricet
Headache,Acetaminophen / butalbital / caffeine
Heart Attack,Clopidogrel
Heart Attack,Plavix
Hepatitis C,Harvoni
Herbal Supplementation,Turmeric
Herpes Simplex,Abreva
Herpes Simplex,Acyclovir
"Herpes Simplex, Suppression",Valtrex
"Herpes Simplex, Suppression",Lysine
"Herpes Simplex, Suppression",Valacyclovir
High Blood Pressure,Losartan
High Blood Pressure,Aldactone
High Blood Pressure,Spironolactone
High Blood Pressure,Amlodipine
High Blood Pressure,Metoprolol
High Cholesterol,Pravachol
High Cholesterol,Pravastatin
High Cholesterol,Crestor
High Cholesterol,Rosuvastatin
High Cholesterol,Atorvastatin
"High Cholesterol, Familial Heterozygous",Atorvastatin
"High Cholesterol, Familial Heterozygous",Lipitor
"High Cholesterol, Familial Heterozygous",Zetia
"High Cholesterol, Familial Heterozygous",Ezetimibe
Hirsutism,Eflornithine
Hirsutism,Vaniqa
Hot Flashes,Venlafaxine
Hot Flashes,Effexor XR
Hot Flashes,Paroxetine
Hot Flashes,Paxil
Hot Flashes,Gabapentin
Human Papilloma Virus,Imiquimod
Human Papilloma Virus,Aldara
Hyperhidrosis,Aluminum chloride hexahydrate
Hyperhidrosis,Drysol
Hyperhidrosis,Oxybutynin
Hyperthyroidism,Methimazole
Hyperthyroidism,Tapazole
Hypertriglyceridemia,Omega-3 polyunsaturated fatty acids
Hypoestrogenism,Estrace Vaginal Cream
Hypoestrogenism,Estradiol
"Hypogonadism, Male",Testosterone
"Hypogonadism, Male",AndroGel
"Hypogonadism, Male",Axiron
"Hypothyroidism, After Thyroid Removal",Thyroid desiccated
"Hypothyroidism, After Thyroid Removal",Nature-Throid
"Hypothyroidism, After Thyroid Removal",Levothyroxine
"Hypothyroidism, After Thyroid Removal",Synthroid
"Hypothyroidism, After Thyroid Removal",Armour Thyroid
Inflammatory Conditions,Meloxicam
Inflammatory Conditions,Mobic
Inflammatory Conditions,Methylprednisolone
Inflammatory Conditions,Prednisone
Inflammatory Conditions,Depo-Medrol
Insomnia,Trazodone
Insomnia,Clonazepam
Insomnia,Remeron
Insomnia,Mirtazapine
Insomnia,Ambien
Insulin Resistance Syndrome,Metformin
Insulin Resistance Syndrome,Glucophage
Iron Deficiency Anemia,Slow Fe
Iron Deficiency Anemia,Ferrous sulfate
Irritable Bowel Syndrome,Bentyl
Irritable Bowel Syndrome,Dicyclomine
Irritable Bowel Syndrome,Rifaximin
Irritable Bowel Syndrome,Xifaxan
Irritable Bowel Syndrome,Linaclotide
Ischemic Stroke,Plavix
Ischemic Stroke,Clopidogrel
Keratosis,Fluorouracil
Keratosis,Carac
Keratosis,Efudex
Macular Degeneration,Eylea
Major Depressive Disorde,Bupropion
Major Depressive Disorde,Remeron
Major Depressive Disorde,Escitalopram
Major Depressive Disorde,Lexapro
Major Depressive Disorde,Viibryd
Menorrhagia,Lysteda
Menorrhagia,Tranexamic acid
Menstrual Disorders,Lysteda
Menstrual Disorders,Loestrin 24 Fe
Menstrual Disorders,Ethinyl estradiol / norethindrone
Menstrual Disorders,Tranexamic acid
Migraine,Gabapentin
Migraine Prevention,Nortriptyline
Migraine Prevention,Amitriptyline
Migraine Prevention,OnabotulinumtoxinA
Migraine Prevention,Botox
Migraine Prevention,Pamelor
Mild Cognitive Impairment,Aricept ODT
Multiple Sclerosis,Gilenya
Multiple Sclerosis,Natalizumab
Multiple Sclerosis,Glatiramer
Multiple Sclerosis,Fingolimod
Multiple Sclerosis,Tysabri
Muscle Spasm,Methocarbamol
Muscle Spasm,Robaxin
Muscle Spasm,Zanaflex
Muscle Spasm,Tizanidine
Muscle Spasm,Lioresal
Narcolepsy,Adderall
Narcolepsy,Amphetamine / dextroamphetamine
Narcolepsy,Xyrem
Narcolepsy,Ritalin
Narcolepsy,Methylphenidate
Nausea/Vomiting,Hydroxyzine
Neuropathic Pain,Pregabalin
Neuropathic Pain,Lyrica
Night Terrors,St. john's wort
Nocturnal Leg Cramps,Carisoprodol
Nocturnal Leg Cramps,Soma
Non-Small Cell Lung Cance,Tarceva
Non-Small Cell Lung Cance,Erlotinib
Obesity,Topamax
Obesity,Topiramate
Obesity,Lorcaserin
Obesity,Belviq
Obesity,Xenical
Obsessive Compulsive Disorde,Zoloft
Obsessive Compulsive Disorde,Escitalopram
Obsessive Compulsive Disorde,Lexapro
Obsessive Compulsive Disorde,Clomipramine
Obsessive Compulsive Disorde,Sertraline
Obstructive Sleep Apnea/Hypopnea Syndrome,Provigil
"Onychomycosis, Toenail",Terbinafine
"Onychomycosis, Toenail",Lamisil
"Onychomycosis, Toenail",Diflucan
"Onychomycosis, Toenail",Fluconazole
Opiate Dependence,Suboxone
Opiate Dependence,Buprenorphine / naloxone
Opiate Dependence,Buprenorphine
Opiate Dependence,Subutex
Opiate Dependence,Naltrexone
Opiate Withdrawal,Robaxin-750
Opiate Withdrawal,Methocarbamol
Opiate Withdrawal,Clonidine
Opiate Withdrawal,Methadone
Opiate Withdrawal,Catapres
Oral Thrush,Nystatin
Osteoarthritis,Euflexxa
Osteoarthritis,Meloxicam
Osteoarthritis,Mobic
Osteoarthritis,Relafen
Osteoarthritis,Diclofenac
Osteoporosis,Prolia
Osteoporosis,Denosumab
Osteoporosis,Reclast
Osteoporosis,Zoledronic acid
Osteoporosis,Fosamax
Overactive Bladde,OnabotulinumtoxinA
Overactive Bladde,Botox
Overactive Bladde,Mirabegron
Overactive Bladde,Myrbetriq
Overactive Bladde,Solifenacin
Ovulation Induction,Clomid
Ovulation Induction,Clomiphene
Pain,OxyContin
Pain,Oxycodone
Pain,Percocet
Pain,Acetaminophen / oxycodone
Pain,Nortriptyline
Panic Disorde,Sertraline
Panic Disorde,Klonopin
Panic Disorde,Clonazepam
Panic Disorde,Buspirone
Panic Disorde,Fluoxetine
Parkinson's Disease,Carbidopa / levodopa
Parkinson's Disease,Sinemet
Perimenopausal Symptoms,Clonidine
Peripheral Neuropathy,Gabapentin
Peripheral Neuropathy,Neurontin
Photoaging of the Skin,Tretinoin
Photoaging of the Skin,Atralin
Photoaging of the Skin,Retin-A
Plaque Psoriasis,Apremilast
Pneumonia,Levofloxacin
Polycystic Ovary Syndrome,Metformin
Polycystic Ovary Syndrome,Glucophage
Post Traumatic Stress Disorde,Sertraline
Post Traumatic Stress Disorde,Zoloft
Postherpetic Neuralgia,Neurontin
Postherpetic Neuralgia,Gabapentin
Postmenopausal Symptoms,Estrace
Postmenopausal Symptoms,Climara
Postmenopausal Symptoms,Estradiol
Postmenopausal Symptoms,Premarin
Postmenopausal Symptoms,Conjugated estrogens
Premenstrual Dysphoric Disorde,Lexapro
Premenstrual Dysphoric Disorde,Escitalopram
Premenstrual Dysphoric Disorde,Sarafem
Premenstrual Dysphoric Disorde,Fluoxetine
Premenstrual Dysphoric Disorde,Zoloft
Prevention of Bladder infection,Nitrofurantoin
Prevention of Bladder infection,Macrodantin
Prevention of Bladder infection,Hiprex
Prevention of Thromboembolism in Atrial Fibrillation,Apixaban
Prevention of Thromboembolism in Atrial Fibrillation,Eliquis
Prevention of Thromboembolism in Atrial Fibrillation,Coumadin
Prevention of Thromboembolism in Atrial Fibrillation,Warfarin
Prevention of Thromboembolism in Atrial Fibrillation,Dabigatran
Progesterone Insufficiency,Prometrium
Prostate Cance,Leuprolide
Prostate Cance,Lupron
Prostate Cance,Firmagon
Prostate Cance,Casodex
Prostate Cance,Bicalutamide
Prostatitis,Avelox
Prostatitis,Moxifloxacin
Pseudotumor Cerebri,Acetazolamide
Psoriasis,Methotrexate
Psoriasis,Humira
Psoriasis,Adalimumab
Psychosis,Haloperidol
Psychosis,Haldol
"Pulmonary Embolism, Recurrent Event",Rivaroxaban
"Pulmonary Embolism, Recurrent Event",Xarelto
Renal Cell Carcinoma,Pazopanib
Renal Cell Carcinoma,Votrient
Restless Legs Syndrome,Neurontin
Restless Legs Syndrome,Gabapentin
Restless Legs Syndrome,Clonazepam
Restless Legs Syndrome,Mirapex
Restless Legs Syndrome,Pramipexole
Rheumatoid Arthritis,Plaquenil
Rheumatoid Arthritis,Hydroxychloroquine
Rheumatoid Arthritis,Leflunomide
Rheumatoid Arthritis,Arava
Rheumatoid Arthritis,Methotrexate
Rosacea,MetroGel
Scabies,Elimite
Scabies,Permethrin
Schizophrenia,Clozaril
Schizophrenia,Clozapine
Schizophrenia,Risperdal
Schizophrenia,Risperidone
Schizophrenia,Latuda
Sciatica,Flexeril
Sciatica,Cyclobenzaprine
Sciatica,Naproxen
Sciatica,Aleve
Sciatica,Diclofenac / misoprostol
Sedation,Trazodone
Sedation,Phenergan
Sedation,Promethazine
Sedation,Hydroxyzine
Sedation,Vistaril
"Sexual Dysfunction, SSRI Induced",Sildenafil
"Sexual Dysfunction, SSRI Induced",BuSpar
"Sexual Dysfunction, SSRI Induced",Buspirone
"Sexual Dysfunction, SSRI Induced",Dextroamphetamine
Shift Work Sleep Disorde,Provigil
Sinusitis,Amoxicillin / clavulanate
Sinusitis,Ceftin
Sinusitis,Cefuroxime
Sinusitis,Deltasone
Sinusitis,Prednisone
Sjogren's Syndrome,Plaquenil
Sjogren's Syndrome,Hydroxychloroquine
Skin Cance,Fluorouracil
Skin Cance,Carac
Skin Cance,Efudex
Skin or Soft Tissue Infection,Cephalexin
Smoking Cessation,Zyban
Smoking Cessation,Bupropion
Smoking Cessation,Chantix
Smoking Cessation,Varenicline
Social Anxiety Disorde,Effexor XR
Social Anxiety Disorde,Zoloft
Social Anxiety Disorde,Sertraline
Social Anxiety Disorde,Paroxetine
Social Anxiety Disorde,Paxil
Supraventricular Tachycardia,Metoprolol
Supraventricular Tachycardia,Toprol-XL
Systemic Lupus Erythematosus,Plaquenil
Systemic Lupus Erythematosus,Hydroxychloroquine
Tendonitis,Mobic
Tendonitis,Meloxicam
Thyroid Cance,Nature-Throid
Thyroid Cance,Thyroid desiccated
Tinnitus,Alprazolam
Tinnitus,Xanax
Tinnitus,Xanax XR
Trigeminal Neuralgia,Trileptal
Trigeminal Neuralgia,Oxcarbazepine
Trigeminal Neuralgia,Gabapentin
Trigeminal Neuralgia,Neurontin
Ulcerative Colitis,Infliximab
Ulcerative Colitis,Remicade
Underactive Thyroid,Liothyronine
Underactive Thyroid,Cytomel
Underactive Thyroid,Armour Thyroid
Underactive Thyroid,Synthroid
Underactive Thyroid,Levothyroxine
Upper Respiratory Tract Infection,Doxycycline
Urinary Incontinence,Solifenacin
Urinary Incontinence,VESIcare
Urinary Incontinence,Mirabegron
Urinary Incontinence,Myrbetriq
Urinary Tract Infection,Amoxicillin
Urinary Tract Infection,Amoxil
Urinary Tract Infection,Acidophilus
Urinary Tract Infection,Ciprofloxacin
Urinary Tract Infection,Cipro
Urinary Tract Stones,Flomax
Urinary Tract Stones,Tamsulosin
Uterine Fibroids,Leuprolide
Uterine Fibroids,Lupron Depot
Vaginal Yeast Infection,Diflucan
Vaginal Yeast Infection,Fluconazole
Vertig,Bonine
Vertig,Meclizine
Vitamin D Deficiency,Ergocalciferol
Vitamin D Deficiency,Vitamin D2
Weight Loss,Adipex-P
Weight Loss,Phentermine
Weight Loss,Lorcaserin
Weight Loss,Belviq
Weight Loss,Qsymia
emale Infertility,Clomiphene
emale Infertility,Clomid
ibromyalgia,Pregabalin
ibromyalgia,Lyrica
ibromyalgia,Savella
ibromyalgia,Ultram
ibromyalgia,Tramadol
lic Acid Deficiency,L-methylfolate
mance Anxiety,Propranolol
min),Metformin
moterol),Budesonide / formoterol
